{
  "L": 6,
  "beta_g": 4.0,
  "kappa_scan": [
    {
      "R_mean": 0.3912268907563025,
      "R_err": 0.0012919261209557175,
      "plaq_mean": 0.6791578644292603,
      "plaq_err": 0.002962529412839152,
      "poly_mean": 0.4396975495383169,
      "poly_err": 0.006307677122704348,
      "omega_5_mean": 0.1548168692713576,
      "omega_5_err": 0.04153140875830153,
      "omega_7_mean": 0.18294043960992867,
      "omega_7_err": 0.027912842597873633,
      "omega_9_mean": 0.4244820778760868,
      "omega_9_err": 0.020798668315443594,
      "omega_11_mean": 0.586323340710238,
      "omega_11_err": 0.01657037074818634,
      "omega_13_mean": 0.652677901380902,
      "omega_13_err": 0.013717975269385816,
      "omega_15_mean": 0.6950188526316456,
      "omega_15_err": 0.014468178729224554,
      "omega_17_mean": 0.6328183612429613,
      "omega_17_err": 0.016034606676036248,
      "omega_19_mean": 0.4885367161272406,
      "omega_19_err": 0.02104339171640697,
      "omega_21_mean": 0.25881618935403417,
      "omega_21_err": 0.026896056370462443,
      "omega_23_mean": 0.16311039195056196,
      "omega_23_err": 0.03988723495014949,
      "n_samples": 300.0,
      "L": 6.0,
      "N": 36.0,
      "beta_g": 4.0,
      "kappa": 0.1,
      "n_therm": 500.0,
      "n_meas": 300.0,
      "eps_link_final": 0.7781227380300006,
      "eps_matter_final": 1.2968712300500012,
      "t_therm_s": 3.2888119000708684,
      "t_meas_s": 10.813737499993294,
      "link_acc_therm": 0.758,
      "matter_acc_therm": 0.7227222222222223
    },
    {
      "R_mean": 0.37168347338935576,
      "R_err": 0.0014592533901402502,
      "plaq_mean": 0.6993907144572955,
      "plaq_err": 0.002892737787317434,
      "poly_mean": 0.4088070428798968,
      "poly_err": 0.005832791048453815,
      "omega_5_mean": 0.19516095608823075,
      "omega_5_err": 0.040525940899471875,
      "omega_7_mean": 0.4720391997913121,
      "omega_7_err": 0.02493536283169366,
      "omega_9_mean": 0.6236114766930043,
      "omega_9_err": 0.020024688994043093,
      "omega_11_mean": 0.6651865913789766,
      "omega_11_err": 0.016005232347693063,
      "omega_13_mean": 0.7601218457862363,
      "omega_13_err": 0.01441653518438214,
      "omega_15_mean": 0.7646780995191736,
      "omega_15_err": 0.014420514080082701,
      "omega_17_mean": 0.6980882662640462,
      "omega_17_err": 0.018241594719248876,
      "omega_19_mean": 0.6168078881652242,
      "omega_19_err": 0.01831022914443093,
      "omega_21_mean": 0.38024066942319207,
      "omega_21_err": 0.02586778385706376,
      "omega_23_mean": 0.23267837243993686,
      "omega_23_err": 0.03981425346870778,
      "n_samples": 300.0,
      "L": 6.0,
      "N": 36.0,
      "beta_g": 4.0,
      "kappa": 0.2,
      "n_therm": 500.0,
      "n_meas": 300.0,
      "eps_link_final": 0.7781227380300006,
      "eps_matter_final": 1.2968712300500012,
      "t_therm_s": 2.7619366999715567,
      "t_meas_s": 10.50481299997773,
      "link_acc_therm": 0.7383333333333333,
      "matter_acc_therm": 0.6621111111111111
    },
    {
      "R_mean": 0.3589150326797386,
      "R_err": 0.0014897314888193036,
      "plaq_mean": 0.7003570671163692,
      "plaq_err": 0.0025805648793630013,
      "poly_mean": 0.43642759797631714,
      "poly_err": 0.006490928807192929,
      "omega_5_mean": 0.37115187433030394,
      "omega_5_err": 0.04124257929933724,
      "omega_7_mean": 0.5579001236238847,
      "omega_7_err": 0.027233165375565055,
      "omega_9_mean": 0.7170333777612105,
      "omega_9_err": 0.018659971110094285,
      "omega_11_mean": 0.8056581737955021,
      "omega_11_err": 0.015710635396631766,
      "omega_13_mean": 0.8212619449929979,
      "omega_13_err": 0.014037481836184829,
      "omega_15_mean": 0.8336795746527195,
      "omega_15_err": 0.013621072676312908,
      "omega_17_mean": 0.8182917937420253,
      "omega_17_err": 0.015748855627864156,
      "omega_19_mean": 0.7144673138244994,
      "omega_19_err": 0.021298263050822122,
      "omega_21_mean": 0.5952606037916072,
      "omega_21_err": 0.023662394596262504,
      "omega_23_mean": 0.33302639415507995,
      "omega_23_err": 0.039549944891220296,
      "n_samples": 300.0,
      "L": 6.0,
      "N": 36.0,
      "beta_g": 4.0,
      "kappa": 0.3,
      "n_therm": 500.0,
      "n_meas": 300.0,
      "eps_link_final": 0.7781227380300006,
      "eps_matter_final": 1.2968712300500012,
      "t_therm_s": 2.716591199976392,
      "t_meas_s": 10.475281300023198,
      "link_acc_therm": 0.7202,
      "matter_acc_therm": 0.6192777777777778
    },
    {
      "R_mean": 0.3462371615312792,
      "R_err": 0.0014904361161354436,
      "plaq_mean": 0.7166477320294824,
      "plaq_err": 0.002835114453993307,
      "poly_mean": 0.41576097157242553,
      "poly_err": 0.006202561880092922,
      "omega_5_mean": 0.4038462858762226,
      "omega_5_err": 0.03984536969600174,
      "omega_7_mean": 0.6502253022587604,
      "omega_7_err": 0.024058325078010014,
      "omega_9_mean": 0.7711271728429235,
      "omega_9_err": 0.02011141839792947,
      "omega_11_mean": 0.8361902927827938,
      "omega_11_err": 0.01725616434170963,
      "omega_13_mean": 0.8455206025669074,
      "omega_13_err": 0.014305533946824755,
      "omega_15_mean": 0.8625226341971247,
      "omega_15_err": 0.014219517328670913,
      "omega_17_mean": 0.8401292224388038,
      "omega_17_err": 0.015427509526091242,
      "omega_19_mean": 0.7755952443484435,
      "omega_19_err": 0.01731358717840115,
      "omega_21_mean": 0.7423838252516106,
      "omega_21_err": 0.023545906298599796,
      "omega_23_mean": 0.4542559095303003,
      "omega_23_err": 0.03860912222127646,
      "n_samples": 300.0,
      "L": 6.0,
      "N": 36.0,
      "beta_g": 4.0,
      "kappa": 0.4,
      "n_therm": 500.0,
      "n_meas": 300.0,
      "eps_link_final": 0.7781227380300006,
      "eps_matter_final": 1.2968712300500012,
      "t_therm_s": 2.70476570003666,
      "t_meas_s": 10.428231099969707,
      "link_acc_therm": 0.717,
      "matter_acc_therm": 0.5938888888888889
    },
    {
      "R_mean": 0.33964145658263306,
      "R_err": 0.0016803861360331553,
      "plaq_mean": 0.7104509049885631,
      "plaq_err": 0.0026877312672551703,
      "poly_mean": 0.42226686608004527,
      "poly_err": 0.006359670133539677,
      "omega_5_mean": 0.5790810989891891,
      "omega_5_err": 0.03942822228045007,
      "omega_7_mean": 0.7409625917517416,
      "omega_7_err": 0.021721533182887873,
      "omega_9_mean": 0.8721959655427552,
      "omega_9_err": 0.017487116938935867,
      "omega_11_mean": 0.8804637946773202,
      "omega_11_err": 0.015485180582885758,
      "omega_13_mean": 0.9334453376043086,
      "omega_13_err": 0.0131015182003344,
      "omega_15_mean": 0.8868530530687265,
      "omega_15_err": 0.012720473428370198,
      "omega_17_mean": 0.8735218730601667,
      "omega_17_err": 0.01565846822294001,
      "omega_19_mean": 0.8813075735081225,
      "omega_19_err": 0.018853759319971717,
      "omega_21_mean": 0.815633347888646,
      "omega_21_err": 0.022367471507831787,
      "omega_23_mean": 0.5161481641502761,
      "omega_23_err": 0.03942055011392988,
      "n_samples": 300.0,
      "L": 6.0,
      "N": 36.0,
      "beta_g": 4.0,
      "kappa": 0.5,
      "n_therm": 500.0,
      "n_meas": 300.0,
      "eps_link_final": 0.7781227380300006,
      "eps_matter_final": 1.2968712300500012,
      "t_therm_s": 2.7135664999950677,
      "t_meas_s": 10.69955719995778,
      "link_acc_therm": 0.7021666666666667,
      "matter_acc_therm": 0.5708888888888889
    },
    {
      "R_mean": 0.3278029878618114,
      "R_err": 0.0017311813827704447,
      "plaq_mean": 0.7146982097654073,
      "plaq_err": 0.0027116498323566194,
      "poly_mean": 0.4039052579993534,
      "poly_err": 0.006327628664310544,
      "omega_5_mean": 0.7509517488811213,
      "omega_5_err": 0.03246885260346787,
      "omega_7_mean": 0.8701755971622606,
      "omega_7_err": 0.023791046010995236,