{
  "SM_R_quark": {
    "label": "SM_R_quark",
    "Ls": [
      4,
      6,
      8,
      10
    ],
    "Rs": [
      0.45849285714285715,
      0.4710481792717087,
      0.47804569892473114,
      0.4819648484848485
    ],
    "sigmas": [
      0.001311231214092766,
      0.0004485286226832839,
      0.00017366908486771205,
      8.64610211727961e-05
    ],
    "fits": [
      {
        "ansatz": "1/L",
        "R_inf": 0.49793467567296784,
        "R_inf_err": 0.0005010922856050909,
        "params": {
          "R_inf": 0.49793467567296784,
          "a": -0.15962427301388382
        },
        "param_errs": {
          "R_inf": 0.0005010922856050909,
          "a": 0.00461867010287926
        },
        "chi2": 0.6652862543336652,
        "chi2dof": 0.3326431271668326,
        "dof": 2,
        "converged": true
      },
      {
        "ansatz": "1/L+1/L2",
        "R_inf": 0.49810905003300693,
        "R_inf_err": 0.0017085189779754756,
        "params": {
          "R_inf": 0.49810905003300693,
          "a": -0.1623259936485217,
          "b": 0.00979883241773211
        },
        "param_errs": {
          "R_inf": 0.0017085189779754756,
          "a": 0.025725467457412502,
          "b": 0.09178738833404826
        },
        "chi2": 0.6538939794865336,
        "chi2dof": 0.6538939794865336,
        "dof": 1,
        "converged": true
      },
      {
        "ansatz": "1/L2",
        "R_inf": 0.48740882577393874,
        "R_inf_err": 0.00020838096800826394,
        "params": {
          "R_inf": 0.48740882577393874,
          "a": -0.5599608841111432
        },
        "param_errs": {
          "R_inf": 0.00020838096800826394,
          "a": 0.016479179926575518
        },
        "chi2": 40.471189791337636,
        "chi2dof": 20.235594895668818,
        "dof": 2,
        "converged": true
      }
    ],
    "R_inf_best": 0.49810905003300693,
    "R_inf_stat": 0.0017085189779754756,
    "R_inf_syst": 0.005350112129534096,
    "ansatz_best": "1/L+1/L2",
    "chi2dof_best": 0.6538939794865336
  },
  "SM_R_lepton": {
    "label": "SM_R_lepton",
    "Ls": [
      4,
      6,
      8,
      10
    ],
    "Rs": [
      0.4426714285714286,
      0.46370644257703086,
      0.47187720814132106,
      0.47672850958565244
    ],
    "sigmas": [
      0.002111030108879079,
      0.0009351478793726281,
      0.0003596800535511716,
      0.00039324436572492295
    ],
    "fits": [
      {
        "ansatz": "1/L",
        "R_inf": 0.4980287609726656,
        "R_inf_err": 0.001280676878291427,
        "params": {
          "R_inf": 0.4980287609726656,
          "a": -0.21056295933854458
        },
        "param_errs": {
          "R_inf": 0.001280676878291427,
          "a": 0.010507020587834598
        },
        "chi2": 2.9417907636350344,
        "chi2dof": 1.4708953818175172,
        "dof": 2,
        "converged": true
      },
      {
        "ansatz": "1/L+1/L2",
        "R_inf": 0.49172428097565196,
        "R_inf_err": 0.004069100212616111,
        "params": {
          "R_inf": 0.49172428097565196,
          "a": -0.1208970331399232,
          "b": -0.2967358159917404
        },
        "param_errs": {
          "R_inf": 0.004069100212616111,
          "a": 0.05592782480382695,
          "b": 0.18178913795564663
        },
        "chi2": 0.27735859376645144,
        "chi2dof": 0.27735859376645144,
        "dof": 1,
        "converged": true
      },
      {
        "ansatz": "1/L2",
        "R_inf": 0.48301412981567377,
        "R_inf_err": 0.0005671785945635064,
        "params": {
          "R_inf": 0.48301412981567377,
          "a": -0.6827054059122246
        },
        "param_errs": {
          "R_inf": 0.0005671785945635064,
          "a": 0.034152266498960845
        },
        "chi2": 4.950126338718922,
        "chi2dof": 2.475063169359461,
        "dof": 2,
        "converged": true
      }
    ],
    "R_inf_best": 0.4980287609726656,
    "R_inf_stat": 0.001280676878291427,
    "R_inf_syst": 0.0075073155784959045,
    "ansatz_best": "1/L",
    "chi2dof_best": 1.4708953818175172
  },
  "SU3_R": {
    "label": "SU3_R",
    "Ls": [
      4,
      6,
      8,
      10
    ],
    "Rs": [
      0.39827142857142855,
      0.3997843137254902,
      0.3906041666666667,
      0.38812440321583175
    ],
    "sigmas": [
      0.0030892504248905273,
      0.0018740537560139364,
      0.0016515252639315416,
      0.0012833828495192384
    ],
    "fits": [
      {
        "ansatz": "1/L",
        "R_inf": 0.3793750516098629,
        "R_inf_err": 0.0028091223150931684,
        "params": {
          "R_inf": 0.3793750516098629,
          "a": 0.09556485014279574
        },
        "param_errs": {
          "R_inf": 0.0028091223150931684,
          "a": 0.02024097998813451
        },
        "chi2": 8.9171670870656,
        "chi2dof": 4.4585835435328,
        "dof": 2,
        "converged": true
      },
      {
        "ansatz": "1/L+1/L2",
        "R_inf": 0.35392139985782217,
        "R_inf_err": 0.010360462766351433,
        "params": {
          "R_inf": 0.35392139985782217,
          "a": 0.43958481834463464,
          "b": -1.0392846405472185
        },
        "param_errs": {
          "R_inf": 0.010360462766351433,
          "a": 0.13629330083372196,
          "b": 0.40717632420328764
        },
        "chi2": 2.4023249087104297,
        "chi2dof": 2.4023249087104297,
        "dof": 1,
        "converged": true
      },
      {
        "ansatz": "1/L2",
        "R_inf": 0.38700992865090433,
        "R_inf_err": 0.001445708372251787,
        "params": {
          "R_inf": 0.38700992865090433,
          "a": 0.2594121778223081
        },
        "param_errs": {
          "R_inf": 0.001445708372251787,
          "a": 0.06046996487599009
        },
        "chi2": 12.80478931470388,
        "chi2dof": 6.40239465735194,
        "dof": 2,
        "converged": true
      }
    ],
    "R_inf_best": 0.35392139985782217,
    "R_inf_stat": 0.010360462766351433,
    "R_inf_syst": 0.01654426439654108,
    "ansatz_best": "1/L+1/L2",
    "chi2dof_best": 2.4023249087104297
  }
}