{
  "L": 4,
  "beta_3": 6.0,
  "beta_2": 4.0,
  "beta_1": 2.0,
  "kappa_q": 0.0,
  "kappa_l": 0.0,
  "n_therm": 500,
  "n_measure": 200,
  "n_skip": 2,
  "seed": 123,
  "plaq3_mean": 0.4127726593261144,
  "plaq3_err": 0.006236960304384478,
  "plaq2_mean": 0.6074880861570019,
  "plaq2_err": 0.005853549633388338,
  "plaq1_mean": 0.6408492669808491,
  "plaq1_err": 0.013753617508687801,
  "R_quark_mean": 0.0,
  "R_quark_err": 0.0,
  "R_lepton_mean": 0.0,
  "R_lepton_err": 0.0,
  "link_acc": 0.4835,
  "quark_acc": 0.0,
  "lepton_acc": 0.0,
  "t_therm_s": 5.42,
  "t_meas_s": 4.53
}