{
  "L": 10,
  "beta": 4.0,
  "kappa": 0.3,
  "seed": 203,
  "N_meas": 500,
  "N_skip": 5,
  "R_mean": 0.363996,
  "R_naive": 0.000623,
  "tau_int": 0.8029,
  "sigma_R": 0.00079,
  "plaq_mean": 0.743911,
  "known_su2": {
    "4": [
      0.347,
      0.005
    ],
    "6": [
      0.36,
      0.003
    ],
    "8": [
      0.36,
      0.002
    ]
  },
  "fss_L": [
    4,
    6,
    8,
    10
  ],
  "fss_R": [
    0.347,
    0.36,
    0.36,
    0.363996
  ],
  "fss_sigma": [
    0.005,
    0.003,
    0.002,
    0.00079
  ],
  "fss": {
    "ansatze": {
      "1/L": {
        "R_inf": 0.373917,
        "chi2": 1.499,
        "dof": 2,
        "chi2dof": 0.7495
      },
      "1/L+1/L2": {
        "R_inf": 0.369968,
        "chi2": 1.3927,
        "dof": 1,
        "chi2dof": 1.3927
      },
      "1/L2": {
        "R_inf": 0.366933,
        "chi2": 1.4523,
        "dof": 2,
        "chi2dof": 0.7262
      }
    },
    "best_ansatz": "1/L2",
    "R_inf_best": 0.366933,
    "sigma_stat": 0.00079,
    "sigma_syst": 0.003492,
    "sigma_combined": 0.00358
  },
  "R_inf_SU3": 0.3539,
  "ratio_SU3_over_SU2": 0.96448,
  "ordering_holds_at_Linf": false,
  "runtime_s": 765.1,
  "stub_mode": false
}