{
  "seed": 203,
  "L": 10,
  "beta": 4.0,
  "kappa": 0.3,
  "N_therm": 4000,
  "N_meas": 500,
  "N_skip": 5,
  "R_mean": 0.3621889468914243,
  "R_naive": 0.00013543082232267257,
  "tau_int": 0.5,
  "sigma_R": 0.00013543082232267257,
  "fss_inputs": {
    "L": [
      4,
      6,
      8,
      10
    ],
    "R": [
      0.347,
      0.36,
      0.36,
      0.3621889468914243
    ],
    "sigma": [
      0.005,
      0.003,
      0.002,
      0.00013543082232267257
    ]
  },
  "fss_fits": {
    "1/L": {
      "R_inf": 0.37000255850792935,
      "chi2": 1.5082140458573572,
      "dof": 2,
      "chi2dof": 0.7541070229286786
    },
    "1/L+1/L2": {
      "R_inf": 0.3598626748533101,
      "chi2": 0.7035838989131012,
      "dof": 1,
      "chi2dof": 0.7035838989131012
    },
    "1/L2": {
      "R_inf": 0.36475304474601067,
      "chi2": 0.8825384639007893,
      "dof": 2,
      "chi2dof": 0.44126923195039464
    }
  },
  "R_inf_best": 0.36475304474601067,
  "sigma_stat": 0.00013543082232267257,
  "sigma_syst": 0.005069941827309632,
  "R_inf_SU3": 0.3539,
  "ratio_SU3_over_SU2": 0.970245499243007,
  "runtime_s": 0.004155635833740234,
  "stub_mode": true
}