{
  "task": "J",
  "group": "SU2",
  "L": 10,
  "beta": 8.0,
  "kappa": 0.3,
  "seed": 203,
  "n_therm": 4000,
  "n_meas": 500,
  "n_skip": 5,
  "R_mean": 0.340043,
  "R_naive": 0.00072,
  "sigma_R": 0.001219,
  "tau_int": 1.4345,
  "plaq_mean": 0.859722,
  "eps_link_final": 0.60341,
  "eps_matter_final": 1.52951,
  "t_therm_s": 148.7,
  "t_meas_s": 241.9,
  "fss_inputs": {
    "L": [
      4,
      6,
      8,
      10
    ],
    "R": [
      0.347,
      0.36,
      0.36,
      0.340043
    ],
    "sigma": [
      0.005,
      0.003,
      0.002,
      0.001219
    ]
  },
  "fss": {
    "ansatze": {
      "1/L": {
        "R_inf": 0.329386,
        "chi2": 67.1908,
        "dof": 2,
        "chi2dof": 33.5954
      },
      "1/L+1/L2": {
        "R_inf": 0.2315,
        "chi2": 11.6775,
        "dof": 1,
        "chi2dof": 11.6775
      },
      "1/L2": {
        "R_inf": 0.341719,
        "chi2": 78.2293,
        "dof": 2,
        "chi2dof": 39.1147
      }
    },
    "best_ansatz": "1/L+1/L2",
    "R_inf_best": 0.2315,
    "sigma_stat": 0.001219,
    "sigma_syst": 0.055109,
    "sigma_combined": 0.055123
  },
  "R_inf_SU3": 0.3539,
  "ratio_SU3_over_SU2": 1.52873,
  "ordering_holds_at_Linf": true,
  "R_series": [
    0.367508,
    0.343946,
    0.345887,
    0.354855,
    0.353791,
    0.35619,
    0.358899,
    0.35128,
    0.350216,
    0.352369,
    0.338541,
    0.333766,
    0.355028,
    0.331824,
    0.322053,
    0.343921,
    0.349499,
    0.360433,
    0.342573,
    0.344824,
    0.348052,
    0.330897,
    0.324799,
    0.329561,
    0.312554,
    0.341398,
    0.380792,
    0.352752,
    0.335881,
    0.351058,
    0.3494,
    0.341657,
    0.330971,
    0.364515,
    0.326308,
    0.348312,
    0.328522,
    0.346679,
    0.340618,
    0.36167,
    0.364811,
    0.358194,
    0.334385,
    0.350699,
    0.342276,
    0.368312,
    0.333667,
    0.323711,
    0.354236,
    0.324032,
    0.358466,
    0.34637,
    0.343908,
    0.348497,
    0.350946,
    0.343018,
    0.334397,
    0.317848,
    0.325504,
    0.324552,
    0.333741,
    0.316982,
    0.325739,
    0.332233,
    0.311713,
    0.347891,
    0.348905,
    0.330427,
    0.34898,
    0.362263,
    0.365195,
    0.380965,
    0.358578,
    0.331342,
    0.368262,
    0.337477,
    0.33107,
    0.341101,
    0.32094,
    0.348089,
    0.354892,
    0.353086,
    0.317551,
    0.315547,
    0.362783,
    0.335448,
    0.33791,
    0.332727,
    0.356797,
    0.355906,
    0.368806,
    0.329029,
    0.34381,
    0.340309,
    0.323933,
    0.295968,
    0.351688,
    0.3447,
    0.352814,
    0.352208,
    0.335584,
    0.356772,
    0.341336,
    0.34475,
    0.332554,
    0.341954,
    0.341596,
    0.35525,
    0.332035,
    0.33697,
    0.336141,
    0.308287,
    0.309425,
    0.34611,
    0.342461,
    0.348435,
    0.340928,
    0.310847,
    0.32261,
    0.317093,
    0.339641,
    0.336982,
    0.356623,
    0.358466,
    0.356005,
    0.345269,
    0.359876,
    0.354335,
    0.343438,
    0.322944,
    0.340284,
    0.328114,
    0.330563,
    0.336116,
    0.328856,
    0.333247,
    0.330674,
    0.321719,
    0.339876,
    0.331985,
    0.338998,
    0.341756,
    0.325046,
    0.341076,
    0.343438,
    0.351268,
    0.342696,
    0.346135,
    0.352492,
    0.34538,
    0.373271,
    0.359975,
    0.350155,
    0.35133,
    0.341447,
    0.328918,
    0.346741,
    0.327866,
    0.3753,
    0.376982,
    0.343129,
    0.360161,
    0.345368,
    0.359889,
    0.370946,
    0.362536,
    0.318503,
    0.344193,
    0.354298,
    0.349672,
    0.339196,
    0.342721,
    0.325257,
    0.324205,
    0.32334,
    0.337786,
    0.339431,
    0.329091,
    0.339283,
    0.352863,
    0.355053,
    0.335832,
    0.360656,
    0.352468,
    0.356673,
    0.35833,
    0.308485,
    0.348398,
    0.336388,
    0.317452,
    0.343166,
    0.34919,
    0.35739,
    0.352752,
    0.347718,
    0.336512,
    0.343871,
    0.361361,
    0.352121,
    0.317044,
    0.310439,
    0.356475,
    0.345479,
    0.310254,
    0.31974,
    0.322004,
    0.31478,
    0.303414,
    0.339048,
    0.340767,
    0.329808,
    0.324045,
    0.319307,
    0.31034,
    0.301744,
    0.338343,
    0.321262,
    0.323377,
    0.359456,
    0.348361,
    0.360346,
    0.332356,
    0.33039,
    0.326098,
    0.332863,
    0.296327,
    0.331725,
    0.334026,
    0.356512,
    0.36303,
    0.350328,
    0.316277,
    0.35415,
    0.346407,
    0.35504,
    0.360717,
    0.35577,
    0.332072,
    0.335065,
    0.341088,
    0.340878,
    0.318404,
    0.338046,
    0.355164,
    0.312975,
    0.3282,
    0.322758,
    0.329326,
    0.319765,
    0.344317,
    0.333173,
    0.351948,
    0.316982,
    0.32773,
    0.360198,
    0.34992,
    0.331218,
    0.335374,
    0.31436,
    0.302103,
    0.313902,
    0.330662,
    0.358837,
    0.33154,
    0.324292,
    0.33739,
    0.331552,
    0.31979,
    0.29598,
    0.343698,
    0.340111,
    0.323105,
    0.351923,
    0.337551,
    0.348609,
    0.342832,
    0.337341,
    0.357118,
    0.370625,
    0.354409,
    0.355968,
    0.33812,
    0.330501,
    0.332109,
    0.354484,
    0.335931,
    0.359332,
    0.341633,
    0.329549,
    0.343822,
    0.306568,
    0.341274,
    0.328794,
    0.342894,
    0.316252,
    0.300396,
    0.340272,
    0.298578,
    0.325999,
    0.328002,
    0.338454,
    0.339579,
    0.352554,
    0.33577,
    0.330823,
    0.334496,
    0.364242,
    0.352653,
    0.360519,
    0.358664,
    0.337835,
    0.30632,
    0.336982,
    0.344057,
    0.344119,
    0.35102,
    0.346803,
    0.335337,
    0.356512,
    0.337662,
    0.351132,
    0.344564,
    0.333284,
    0.348027,
    0.335646,
    0.361447,
    0.355683,
    0.307854,
    0.353927,
    0.344267,
    0.322919,
    0.324947,
    0.356289,
    0.322672,
    0.342226,
    0.368893,
    0.348349,
    0.353729,
    0.353556,
    0.323884,
    0.344267,
    0.328621,
    0.341138,
    0.36423,
    0.357118,
    0.362635,
    0.363661,
    0.346024,
    0.365244,
    0.361645,
    0.342919,
    0.347842,
    0.339344,
    0.327532,
    0.309462,
    0.32658,
    0.3494,
    0.341175,
    0.32898,
    0.353952,
    0.33786,
    0.326617,
    0.352987,
    0.340656,
    0.347248,
    0.3576,
    0.329227,
    0.313296,
    0.349549,
    0.341546,
    0.36329,
    0.359666,
    0.340371,
    0.352059,
    0.332121,
    0.33838,
    0.356487,
    0.339654,
    0.317192,
    0.353074,
    0.355015,
    0.354545,
    0.344329,
    0.351082,
    0.336289,
    0.302956,
    0.345776,
    0.373284,
    0.340297,
    0.325516,
    0.342362,
    0.320359,
    0.311664,
    0.339072,
    0.316574,
    0.315498,
    0.319283,
    0.346197,
    0.33906,
    0.32444,
    0.312109,
    0.339023,
    0.325405,
    0.317069,
    0.342078,
    0.340408,
    0.347891,
    0.343772,
    0.332331,
    0.35739,
    0.340284,
    0.355622,
    0.368658,
    0.344613,
    0.321831,
    0.327236,
    0.329808,
    0.335931,
    0.34825,
    0.355201,
    0.357118,
    0.353457,
    0.331045,
    0.341843,
    0.346951,
    0.330934,
    0.292406,
    0.329981,
    0.325034,
    0.315659,
    0.316537,
    0.324675,
    0.35384,
    0.325553,
    0.338627,
    0.344811,
    0.353902,
    0.350377,
    0.313865,
    0.351738,
    0.339097,
    0.364947,
    0.340853,
    0.3271,
    0.329845,
    0.316524,
    0.332121,
    0.334706,
    0.327508,
    0.299221,
    0.322177,
    0.344181,
    0.352913,
    0.328844,
    0.319456,
    0.318219,
    0.340309,
    0.351354,
    0.334954,
    0.331268,
    0.358602,
    0.327829,
    0.348027,
    0.326172,
    0.307186,
    0.361534,
    0.359716,
    0.347409,
    0.35008,
    0.355857,
    0.329994,
    0.317217,
    0.343723,
    0.311837,
    0.331763,
    0.334323,
    0.32987,
    0.331701,
    0.339938,
    0.336228,
    0.3306,
    0.336215,
    0.343686,
    0.332579,
    0.341793,
    0.356574,
    0.340989,
