{
  "task": "Z",
  "group": "SU3",
  "L": 8,
  "beta": 8.0,
  "kappa": 0.3,
  "seed": 302,
  "n_therm": 2000,
  "n_meas": 500,
  "n_skip": 1,
  "R_mean": 0.450896,
  "R_naive": 0.000369,
  "sigma_R": 0.001101,
  "tau_int": 4.4536,
  "plaq_mean": 0.455259,
  "eps_link_final": 0.2273,
  "eps_matter_final": 2.0,
  "t_therm_s": 109.7,
  "t_meas_s": 126.8,
  "primary_seed202": {
    "R_mean": 0.3906041666666667,
    "R_err": 0.0016515252639315416,
    "tau_int": 3.534466279749996,
    "seed": 202
  },
  "pull_sigma": 30.379,
  "replica_consistent_3sigma": false,
  "R_series": [
    0.458717,
    0.456797,
    0.457709,
    0.459821,
    0.455405,
    0.455741,
    0.459293,
    0.451085,
    0.454781,
    0.461838,
    0.458813,
    0.461838,
    0.458717,
    0.451997,
    0.454301,
    0.457805,
    0.447725,
    0.453005,
    0.444508,
    0.441436,
    0.448013,
    0.442012,
    0.454109,
    0.442012,
    0.446141,
    0.453485,
    0.454061,
    0.44014,
    0.440764,
    0.456461,
    0.458669,
    0.449501,
    0.4399,
    0.443212,
    0.44038,
    0.455885,
    0.439276,
    0.453149,
    0.442972,
    0.450989,
    0.446669,
    0.449981,
    0.446957,
    0.447533,
    0.439468,
    0.454733,
    0.459101,
    0.452669,
    0.460733,
    0.453149,
    0.458525,
    0.453581,
    0.456461,
    0.451565,
    0.445997,
    0.448445,
    0.452717,
    0.449069,
    0.438076,
    0.448925,
    0.44158,
    0.453965,
    0.456413,
    0.452285,
    0.445757,
    0.451421,
    0.456893,
    0.445373,
    0.441148,
    0.447533,
    0.452861,
    0.442588,
    0.451085,
    0.44398,
    0.441868,
    0.436972,
    0.438028,
    0.455309,
    0.453197,
    0.455501,
    0.449309,
    0.462798,
    0.458477,
    0.452957,
    0.455741,
    0.44182,
    0.455453,
    0.460061,
    0.447293,
    0.444508,
    0.448973,
    0.4363,
    0.453101,
    0.449453,
    0.452381,
    0.456605,
    0.459629,
    0.452285,
    0.458525,
    0.463038,
    0.459485,
    0.465726,
    0.459149,
    0.457613,
    0.457949,
    0.454973,
    0.463518,
    0.455741,
    0.458189,
    0.464814,
    0.464286,
    0.462366,
    0.449021,
    0.461358,
    0.460493,
    0.447149,
    0.450461,
    0.446189,
    0.456557,
    0.451997,
    0.445853,
    0.447677,
    0.443788,
    0.449213,
    0.448541,
    0.446669,
    0.43318,
    0.434044,
    0.438892,
    0.434236,
    0.449357,
    0.439516,
    0.442396,
    0.451805,
    0.438892,
    0.450701,
    0.439228,
    0.436876,
    0.447725,
    0.447773,
    0.451757,
    0.457037,
    0.447581,
    0.435628,
    0.429916,
    0.437404,
    0.444172,
    0.440524,
    0.453341,
    0.441436,
    0.451805,
    0.460445,
    0.454109,
    0.461166,
    0.452717,
    0.454109,
    0.453821,
    0.466014,
    0.462318,
    0.445132,
    0.448877,
    0.456125,
    0.446813,
    0.454397,
    0.451709,
    0.455837,
    0.461742,
    0.461982,
    0.46155,
    0.465294,
    0.460445,
    0.455549,
    0.456077,
    0.460493,
    0.451949,
    0.455117,
    0.450029,
    0.452477,
    0.453725,
    0.441916,
    0.447869,
    0.455981,
    0.457757,
    0.447533,
    0.454397,
    0.44302,
    0.450557,
    0.449645,
    0.449021,
    0.457565,
    0.453245,
    0.445373,
    0.437212,
    0.442588,
    0.442876,
    0.449213,
    0.46155,
    0.451757,
    0.465582,
    0.458429,
    0.455117,
    0.458093,
    0.457037,
    0.456509,
    0.466734,
    0.463086,
    0.457565,
    0.469518,
    0.459437,
    0.453725,
    0.456797,
    0.453053,
    0.458429,
    0.458477,
    0.46251,
    0.461262,
    0.464526,
    0.463374,
    0.466494,
    0.464334,
    0.465054,
    0.460493,
    0.459437,
    0.467742,
    0.462126,
    0.455213,
    0.46107,
    0.46275,
    0.465582,
    0.463614,
    0.460013,
    0.452189,
    0.453197,
    0.449885,
    0.454493,
    0.445805,
    0.43078,
    0.454541,
    0.449357,
    0.453389,
    0.451853,
    0.440716,
    0.441388,
    0.440764,
    0.444076,
    0.435868,
    0.443404,
    0.447389,
    0.454493,
    0.455597,
    0.446285,
    0.451757,
    0.460301,
    0.456845,
    0.458525,
    0.456173,
    0.457565,
    0.456845,
    0.463854,
    0.458141,
    0.460397,
    0.454301,
    0.451805,
    0.448349,
    0.459053,
    0.442012,
    0.447101,
    0.447485,
    0.446189,
    0.453965,
    0.454013,
    0.448925,
    0.450269,
    0.446765,
    0.440428,
    0.456077,
    0.449405,
    0.457853,
    0.455645,
    0.447677,
    0.458813,
    0.456413,
    0.451805,
    0.449885,
    0.439948,
    0.458429,
    0.44494,
    0.446573,
    0.446621,
    0.445997,
    0.448301,
    0.444028,
    0.445517,
    0.448205,
    0.452381,
    0.443164,
    0.455741,
    0.444028,
    0.446381,
    0.438892,
    0.452045,
    0.445853,
    0.43702,
    0.457373,
    0.446765,
    0.443116,
    0.456269,
    0.458525,
    0.456797,
    0.457757,
    0.459005,
    0.454397,
    0.448445,
    0.455069,
    0.463374,
    0.459869,
    0.452717,
    0.445036,
    0.440188,
    0.434236,
    0.436108,
    0.442108,
    0.444076,
    0.436156,
    0.423627,
    0.447533,
    0.447005,
    0.450317,
    0.447725,
    0.452477,
    0.437548,
    0.437548,
    0.428667,
    0.436204,
    0.438652,
    0.443308,
    0.442588,
    0.440524,
    0.428427,
    0.441532,
    0.451949,
    0.432844,
    0.440668,
    0.435964,
    0.432988,
    0.438316,
    0.448397,
    0.453053,
    0.450365,
    0.446333,
    0.442444,
    0.456701,
    0.451997,
    0.448349,
    0.446909,
    0.456461,
    0.446285,
    0.449309,
    0.450701,
    0.449405,
    0.459917,
    0.458333,
    0.453629,
    0.454685,
    0.457469,
    0.447533,
    0.451373,
    0.453821,
    0.453101,
    0.453437,
    0.449741,
    0.43918,
    0.456413,
    0.454061,
    0.450749,
    0.457565,
    0.464094,
    0.455885,
    0.458189,
    0.448877,
    0.462462,
    0.458525,
    0.459965,
    0.450605,
    0.447869,
    0.447869,
    0.439084,
    0.446525,
    0.449933,
    0.440908,
    0.442588,
    0.452189,
    0.450509,
    0.454541,
    0.454109,
    0.445084,
    0.443068,
    0.448973,
    0.454829,
    0.447149,
    0.445613,
    0.440428,
    0.453149,
    0.446525,
    0.437068,
    0.424107,
    0.448925,
    0.441052,
    0.421899,
    0.436348,
    0.436924,
    0.43318,
    0.445565,
    0.455885,
    0.443452,
    0.455309,
    0.449981,
    0.451277,
    0.454253,
    0.452909,
    0.461694,
    0.46107,
    0.447485,
    0.438844,
    0.448109,
    0.43918,
    0.445949,
    0.447149,
    0.424779,
    0.439564,
    0.443308,
    0.446381,
    0.430876,
    0.451805,
    0.434476,
    0.449789,
    0.448637,
    0.4447,
    0.457709,
    0.460685,
    0.451469,
    0.453917,
    0.457997,
    0.454733,
    0.455213,
    0.458429,
    0.454685,
    0.449501,
    0.450701,
    0.46227,
    0.463326,
    0.451229,
    0.464862,
    0.465582,
    0.460974,
    0.462318,
    0.458765,
    0.457613,
    0.453917,
    0.452621,
    0.449981,
    0.456029,
    0.454397,
    0.454157,
    0.461118,
    0.460733,
    0.460253,
    0.456749,
    0.465198,
    0.448733,
    0.457469,
    0.451037,
    0.459053,
    0.448877,
    0.453965,
    0.456653,
    0.445853,
    0.442684,
    0.44446,
    0.446285,
    0.447581,
    0.450125,
    0.449213,
    0.440908,
    0.441772,
    0.442732,
    0.456749,
    0.456749,
    0.451085,
    0.463086,
    0.457997,
    0.460445,
    0.456509,
    0.446333,
    0.446045,
    0.457805,
    0.457085,
    0.450653,
    0.458573,
    0.451661
  ],